{
    "appleSound": "apple_bite",
    "axeSound": "axe",
    "backgroundSound1": "Fantascape",
    "backgroundSound2": "Puzzle-Game",
    "backgroundSound3": "Fantasy_Game_Background",
    "cameraAt": {
        "x": 0.0,
        "y": 0.0,
        "z": 0.0
    },
    "cameraEye": {
        "x": 481.6900634765625,
        "y": 567.949951171875,
        "z": -289.22998046875
    },
    "compressedFileExt": ".mp3",
    "fireSound": "fire",
    "forestSound": "forest",
    "fragmentShaderFileName": "fragment01.glsl",
    "jumpSound": "jump",
    "lights": [
        {
            "attenuation": {
                "const": 0.0,
                "distanceCutOff": 0.0,
                "linear": 0.038572072982788086,
                "quad": 9.999999747378752e-06
            },
            "diffuse": {
                "a": 1.0,
                "b": 0.4507889151573181,
                "g": 0.6630451083183289,
                "r": 0.1662343144416809
            },
            "direction": {
                "w": 0.0,
                "x": 0.0,
                "y": -1.0,
                "z": 0.0
            },
            "friendlyName": "light1",
            "param1": {
                "innerAngle": 38.0,
                "lightType": 1.0,
                "outerAngle": 40.0,
                "w": 0.0
            },
            "param2": {
                "on": 1.0,
                "w": 0.0,
                "y": 0.0,
                "z": 0.0
            },
            "position": {
                "w": 1.0,
                "x": -24.799999237060547,
                "y": 64.0,
                "z": 15.799999237060547
            },
            "specular": {
                "a": 1.0,
                "b": 1.0,
                "g": 1.0,
                "r": 1.0
            },
            "useDebugSphere": false
        },
        {
            "attenuation": {
                "const": 0.0,
                "distanceCutOff": 0.0,
                "linear": -0.017900001257658005,
                "quad": 0.0004000000189989805
            },
            "diffuse": {
                "a": 1.0,
                "b": 0.3644520342350006,
                "g": 0.09140293300151825,
                "r": 0.014984588138759136
            },
            "direction": {
                "w": 0.0,
                "x": 0.0,
                "y": 0.0,
                "z": 0.0
            },
            "friendlyName": "light2",
            "param1": {
                "innerAngle": 0.0,
                "lightType": 0.0,
                "outerAngle": 0.0,
                "w": 0.0
            },
            "param2": {
                "on": 1.0,
                "w": 0.0,
                "y": 0.0,
                "z": 0.0
            },
            "position": {
                "w": 1.0,
                "x": -67.5,
                "y": 135.0,
                "z": -128.0
            },
            "specular": {
                "a": 1.0,
                "b": 1.0,
                "g": 1.0,
                "r": 1.0
            },
            "useDebugSphere": false
        },
        {
            "attenuation": {
                "const": 0.0,
                "distanceCutOff": 0.0,
                "linear": -0.019999992102384567,
                "quad": 0.0005000000237487257
            },
            "diffuse": {
                "a": 1.0,
                "b": 0.004669331945478916,
                "g": 0.1190832257270813,
                "r": 0.4456923007965088
            },
            "direction": {
                "w": 0.0,
                "x": 0.0,
                "y": 0.0,
                "z": 0.0
            },
            "friendlyName": "light3",
            "param1": {
                "innerAngle": 0.0,
                "lightType": 0.0,
                "outerAngle": 0.0,
                "w": 0.0
            },
            "param2": {
                "on": 1.0,
                "w": 0.0,
                "y": 0.0,
                "z": 0.0
            },
            "position": {
                "w": 1.0,
                "x": 133.5,
                "y": 176.0,
                "z": 11.0
            },
            "specular": {
                "a": 1.0,
                "b": 1.0,
                "g": 1.0,
                "r": 1.0
            },
            "useDebugSphere": false
        },
        {
            "attenuation": {
                "const": 0.0,
                "distanceCutOff": 0.0,
                "linear": -0.013000001199543476,
                "quad": 0.0002999999560415745
            },
            "diffuse": {
                "a": 1.0,
                "b": 0.6071657538414001,
                "g": 0.6017639636993408,
                "r": 0.5711843967437744
            },
            "direction": {
                "w": 0.0,
                "x": 0.0,
                "y": 0.0,
                "z": 0.0
            },
            "friendlyName": "light4",
            "param1": {
                "innerAngle": 0.0,
                "lightType": 0.0,
                "outerAngle": 0.0,
                "w": 0.0
            },
            "param2": {
                "on": 1.0,
                "w": 0.0,
                "y": 0.0,
                "z": 0.0
            },
            "position": {
                "w": 1.0,
                "x": -35.0,
                "y": 156.0,
                "z": 99.0
            },
            "specular": {
                "a": 1.0,
                "b": 1.0,
                "g": 1.0,
                "r": 1.0
            },
            "useDebugSphere": false
        },
        {
            "attenuation": {
                "const": 0.0,
                "distanceCutOff": 0.0,
                "linear": 0.017000002786517143,
                "quad": 0.0002999999560415745
            },
            "diffuse": {
                "a": 1.0,
                "b": 0.7266762256622314,
                "g": 0.8759727478027344,
                "r": 0.3019501268863678
            },
            "direction": {
                "w": 0.0,
                "x": 0.0,
                "y": 0.0,
                "z": 0.0
            },
            "friendlyName": "light5",
            "param1": {
                "innerAngle": 0.0,
                "lightType": 0.0,
                "outerAngle": 0.0,
                "w": 0.0
            },
            "param2": {
                "on": 1.0,
                "w": 0.0,
                "y": 0.0,
                "z": 0.0
            },
            "position": {
                "w": 1.0,
                "x": 95.5,
                "y": 81.0,
                "z": -202.5
            },
            "specular": {
                "a": 1.0,
                "b": 1.0,
                "g": 1.0,
                "r": 1.0
            },
            "useDebugSphere": false
        },
        {
            "attenuation": {
                "const": 0.0,
                "distanceCutOff": 0.0,
                "linear": -0.006999998819082975,
                "quad": 0.0007999999797903001
            },
            "diffuse": {
                "a": 1.0,
                "b": 0.23532822728157043,
                "g": 0.4620807468891144,
                "r": 0.1423383355140686
            },
            "direction": {
                "w": 0.0,
                "x": 0.0,
                "y": 0.0,
                "z": 0.0
            },
            "friendlyName": "light6",
            "param1": {
                "innerAngle": 0.0,
                "lightType": 0.0,
                "outerAngle": 0.0,
                "w": 0.0
            },
            "param2": {
                "on": 1.0,
                "w": 0.0,
                "y": 0.0,
                "z": 0.0
            },
            "position": {
                "w": 1.0,
                "x": -183.0,
                "y": 134.0,
                "z": -15.5
            },
            "specular": {
                "a": 1.0,
                "b": 1.0,
                "g": 1.0,
                "r": 1.0
            },